CREATE DATABASE  IF NOT EXISTS `heroku_74f570faead6d61` /*!40100 DEFAULT CHARACTER SET latin1 */;
USE `heroku_74f570faead6d61`;
-- MySQL dump 10.13  Distrib 5.6.17, for Win64 (x86_64)
--
-- Host: mysql1.bme.ohsu.edu    Database: enrollment
-- ------------------------------------------------------
-- Server version	5.6.14-log

/*!40101 SET @OLD_CHARACTER_SET_CLIENT=@@CHARACTER_SET_CLIENT */;
/*!40101 SET @OLD_CHARACTER_SET_RESULTS=@@CHARACTER_SET_RESULTS */;
/*!40101 SET @OLD_COLLATION_CONNECTION=@@COLLATION_CONNECTION */;
/*!40101 SET NAMES utf8 */;
/*!40103 SET @OLD_TIME_ZONE=@@TIME_ZONE */;
/*!40103 SET TIME_ZONE='+00:00' */;
/*!40014 SET @OLD_UNIQUE_CHECKS=@@UNIQUE_CHECKS, UNIQUE_CHECKS=0 */;
/*!40014 SET @OLD_FOREIGN_KEY_CHECKS=@@FOREIGN_KEY_CHECKS, FOREIGN_KEY_CHECKS=0 */;
/*!40101 SET @OLD_SQL_MODE=@@SQL_MODE, SQL_MODE='NO_AUTO_VALUE_ON_ZERO' */;
/*!40111 SET @OLD_SQL_NOTES=@@SQL_NOTES, SQL_NOTES=0 */;

--
-- Table structure for table `eligibility_states`
--

DROP TABLE IF EXISTS `eligibility_states`;
/*!40101 SET @saved_cs_client     = @@character_set_client */;
/*!40101 SET character_set_client = utf8 */;
CREATE TABLE `eligibility_states` (
  `StateId` tinyint(4) NOT NULL,
  `Title` varchar(30) DEFAULT NULL
) ENGINE=InnoDB DEFAULT CHARSET=latin1;
/*!40101 SET character_set_client = @saved_cs_client */;

--
-- Dumping data for table `eligibility_states`
--

LOCK TABLES `eligibility_states` WRITE;
/*!40000 ALTER TABLE `eligibility_states` DISABLE KEYS */;
INSERT INTO `eligibility_states` VALUES (0,'Unscreened'),(1,'Age'),(2,'Clinical'),(3,'Memory'),(4,'Refused'),(5,'Other'),(6,'Eligible'),(7,'Deceased');
/*!40000 ALTER TABLE `eligibility_states` ENABLE KEYS */;
UNLOCK TABLES;

--
-- Table structure for table `eligibility_sub_states`
--

DROP TABLE IF EXISTS `eligibility_sub_states`;
/*!40101 SET @saved_cs_client     = @@character_set_client */;
/*!40101 SET character_set_client = utf8 */;
CREATE TABLE `eligibility_sub_states` (
  `StateId` tinyint(3) unsigned NOT NULL,
  `SubStateId` tinyint(3) unsigned NOT NULL,
  `Title` varchar(30) DEFAULT NULL
) ENGINE=InnoDB DEFAULT CHARSET=latin1;
/*!40101 SET character_set_client = @saved_cs_client */;

--
-- Dumping data for table `eligibility_sub_states`
--

LOCK TABLES `eligibility_sub_states` WRITE;
/*!40000 ALTER TABLE `eligibility_sub_states` DISABLE KEYS */;
INSERT INTO `eligibility_sub_states` VALUES (0,0,'Unscreened'),(2,0,'Cancer'),(2,1,'Functional Impairment'),(2,2,'Heart Disease'),(2,3,'Medication Exclusion'),(2,4,'Neurologic Disease'),(2,5,'Repiratory Disease'),(2,6,'Stroke'),(2,7,'Other'),(3,0,'Failed Screen'),(3,1,'Self Report'),(4,0,'Refused'),(4,1,'Do not recontact'),(4,2,'Lost'),(5,0,'Out of area'),(5,1,'Study Closed'),(5,2,'No collateral'),(5,3,'PI Discretion'),(5,4,'Other '),(6,0,'Eligible'),(6,1,'Motion Only'),(6,2,'Ekahau Only'),(6,3,'Clinical Only');
/*!40000 ALTER TABLE `eligibility_sub_states` ENABLE KEYS */;
UNLOCK TABLES;

--
-- Table structure for table `enrollment`
--

DROP TABLE IF EXISTS `enrollment`;
/*!40101 SET @saved_cs_client     = @@character_set_client */;
/*!40101 SET character_set_client = utf8 */;
CREATE TABLE `enrollment` (
  `status` tinyint(4) DEFAULT '0',
  `projId` smallint(5) unsigned NOT NULL DEFAULT '0',
  `subjId` int(10) unsigned NOT NULL,
  `homeId` int(10) unsigned NOT NULL,
  `startDate` datetime DEFAULT NULL,
  `RAId` int(10) unsigned DEFAULT '0',
  `eligibility` tinyint(3) unsigned NOT NULL DEFAULT '0',
  `secondary` tinyint(3) unsigned NOT NULL DEFAULT '0',
  `idx` int(10) unsigned NOT NULL DEFAULT '0'
) ENGINE=InnoDB DEFAULT CHARSET=latin1;
/*!40101 SET character_set_client = @saved_cs_client */;

--
-- Dumping data for table `enrollment`
--

LOCK TABLES `enrollment` WRITE;
/*!40000 ALTER TABLE `enrollment` DISABLE KEYS */;
INSERT INTO `enrollment` VALUES (100,2,266,13,'2003-07-04 00:00:00',5,6,0,1),(-1,2,268,18,'2003-09-13 00:00:00',5,6,0,2),(100,2,276,12,'2003-07-20 00:00:00',5,6,0,3),(100,2,277,11,'2003-07-21 00:00:00',5,6,0,4),(100,2,278,11,'2003-07-22 00:00:00',5,6,0,5),(100,2,279,19,'2003-07-23 00:00:00',5,6,0,6),(100,2,280,15,'2003-07-24 00:00:00',5,6,0,7),(100,2,281,15,'2003-07-25 00:00:00',5,6,1,8),(-1,2,282,17,'2003-12-06 00:00:00',5,6,0,9),(100,2,283,14,'2003-07-27 00:00:00',5,6,0,10),(-1,2,306,16,'2003-12-30 00:00:00',5,6,0,11),(-1,2,307,16,'2003-12-31 00:00:00',5,6,0,12),(100,2,308,14,'2003-08-28 00:00:00',5,6,1,13),(100,3,310,21,'2003-11-22 00:00:00',4,6,0,14),(100,3,311,20,'2003-11-24 00:00:00',4,6,0,15),(100,3,315,26,'2003-12-03 00:00:00',4,6,0,16),(100,3,317,22,'2003-12-02 00:00:00',4,6,0,17),(100,3,322,24,'2003-12-14 00:00:00',4,6,0,18),(100,3,323,23,'2003-12-15 00:00:00',4,6,0,19),(100,3,324,23,'2003-12-16 00:00:00',4,6,0,20),(100,3,325,25,'2003-12-17 00:00:00',4,6,0,21),(20,1,263,34,'2003-11-28 00:00:00',13,6,0,22),(20,4,265,36,'2003-11-01 00:00:00',14,6,0,23),(20,1,289,51,'2003-12-28 00:00:00',17,6,0,24),(20,4,309,70,'2003-12-15 00:00:00',14,6,0,25),(20,3,320,77,'2003-12-05 00:00:00',4,6,0,26),(20,1,337,91,'2004-02-10 00:00:00',13,6,0,27),(20,1,338,92,'2004-02-03 00:00:00',13,6,0,28),(20,4,339,93,'2004-02-07 00:00:00',14,6,0,29),(20,1,341,95,'2004-02-18 00:00:00',17,6,0,30),(20,1,342,96,'2004-02-17 00:00:00',16,6,0,31),(20,1,344,98,'2004-02-21 00:00:00',17,6,0,32),(20,1,346,100,'2004-02-21 00:00:00',16,6,0,33),(20,1,347,101,'2004-02-20 00:00:00',13,6,0,34),(20,1,349,103,'2004-02-22 00:00:00',13,6,1,35),(20,4,350,104,'2004-02-18 00:00:00',14,6,0,36),(20,4,351,105,'2004-02-19 00:00:00',14,6,0,37),(20,1,352,106,'2004-02-25 00:00:00',13,6,0,38),(20,1,353,107,'2004-02-26 00:00:00',13,6,0,39),(20,1,354,108,'2004-02-27 00:00:00',13,6,0,40),(20,1,355,109,'2004-02-25 00:00:00',15,6,0,41),(20,1,356,110,'2004-03-02 00:00:00',16,6,0,42),(20,1,357,111,'2004-03-01 00:00:00',13,6,0,43),(20,1,358,112,'2004-03-02 00:00:00',13,6,0,44),(20,1,362,116,'2004-03-06 00:00:00',13,6,0,45),(20,1,363,117,'2004-03-09 00:00:00',16,6,0,46),(20,1,372,184,'2004-03-20 00:00:00',17,6,0,47),(20,4,374,128,'2004-02-18 00:00:00',14,6,0,48),(20,4,375,129,'2004-02-19 00:00:00',14,6,0,49),(20,4,376,130,'2004-02-20 00:00:00',14,6,0,50),(20,4,378,132,'2004-03-17 00:00:00',14,6,0,51),(20,4,379,133,'2004-03-18 00:00:00',14,6,0,52),(20,1,381,135,'2004-03-25 00:00:00',13,6,0,53),(20,1,383,137,'2004-03-27 00:00:00',13,6,0,54),(20,1,394,135,'2004-04-07 00:00:00',13,6,0,55),(20,1,395,137,'2004-04-08 00:00:00',13,6,0,56),(20,1,396,150,'2004-04-09 00:00:00',13,6,0,57),(20,1,401,155,'2004-04-14 00:00:00',13,6,0,58),(20,1,404,158,'2004-04-19 00:00:00',16,6,0,59),(20,1,405,159,'2004-04-20 00:00:00',16,6,1,60),(20,1,406,160,'2004-04-21 00:00:00',16,6,0,61),(20,1,407,161,'2004-04-22 00:00:00',16,6,0,62),(20,1,408,162,'2004-04-23 00:00:00',16,6,0,63),(2,1,264,35,'2003-07-15 00:00:00',5,0,0,64),(2,1,267,37,'2003-06-29 00:00:00',5,0,0,65),(2,1,284,47,'2003-11-18 00:00:00',5,0,0,66),(2,1,285,48,'2003-11-21 00:00:00',5,5,0,67),(2,1,286,49,'2003-10-21 00:00:00',5,4,0,68),(2,1,288,50,'2003-08-08 00:00:00',5,0,0,69),(2,1,290,52,'2003-12-01 00:00:00',17,0,0,70),(2,1,291,53,'2003-08-11 00:00:00',5,0,0,71),(2,1,292,54,'2003-10-27 00:00:00',5,0,0,72),(2,1,293,55,'2003-08-13 00:00:00',5,0,0,73),(2,1,294,56,'2003-08-14 00:00:00',5,0,0,74),(2,1,295,57,'2003-08-15 00:00:00',5,0,0,75),(2,1,296,58,'2003-08-16 00:00:00',5,0,0,76),(2,1,297,59,'2003-08-17 00:00:00',5,0,0,77),(2,1,298,60,'2003-08-18 00:00:00',5,0,0,78),(2,1,299,61,'2003-08-19 00:00:00',5,0,0,79),(2,1,300,62,'2003-08-20 00:00:00',5,0,0,80),(2,1,301,63,'2003-08-21 00:00:00',5,0,0,81),(2,1,302,64,'2003-08-22 00:00:00',5,0,0,82),(2,1,303,65,'2003-08-23 00:00:00',5,0,0,83),(2,1,304,66,'2003-08-24 00:00:00',5,0,0,84),(2,1,305,67,'2003-08-25 00:00:00',5,4,0,85),(2,1,312,71,'2003-11-30 00:00:00',4,4,0,86),(2,1,313,72,'2003-12-10 00:00:00',4,0,0,87),(2,1,318,75,'2003-12-02 00:00:00',4,4,0,88),(2,1,319,76,'2003-11-24 00:00:00',4,0,0,89),(2,1,326,80,'2003-12-21 00:00:00',4,0,0,90),(2,1,327,81,'2003-12-22 00:00:00',4,0,0,91),(2,1,328,82,'2003-12-23 00:00:00',4,0,0,92),(2,1,329,83,'2003-12-24 00:00:00',4,0,0,93),(2,1,330,84,'2004-01-30 00:00:00',5,0,0,94),(2,1,331,85,'2003-12-27 00:00:00',4,0,0,95),(2,1,332,86,'2003-12-28 00:00:00',4,0,0,96),(2,1,333,87,'2003-12-29 00:00:00',4,0,0,97),(2,1,334,88,'2003-12-31 00:00:00',4,0,0,98),(2,1,335,89,'2004-01-01 00:00:00',15,0,0,99),(2,1,336,90,'2004-01-02 00:00:00',15,0,0,100),(2,1,340,94,'2004-02-04 00:00:00',17,0,0,101),(2,1,345,99,'2004-01-18 00:00:00',15,0,0,102),(2,1,348,102,'2004-01-29 00:00:00',15,4,0,103),(2,1,359,113,'2004-01-25 00:00:00',16,0,0,104),(2,1,360,114,'2004-01-26 00:00:00',17,0,0,105),(2,1,361,115,'2004-01-27 00:00:00',17,0,0,106),(2,1,364,118,'2004-01-31 00:00:00',4,0,0,107),(2,1,365,119,'2004-02-01 00:00:00',4,0,0,108),(2,1,366,120,'2004-02-02 00:00:00',4,0,0,109),(2,1,367,121,'2004-02-03 00:00:00',4,0,0,110),(2,1,368,122,'2004-02-04 00:00:00',4,0,0,111),(2,1,370,124,'2004-03-05 00:00:00',17,0,0,112),(2,1,371,125,'2004-03-06 00:00:00',17,0,0,113),(2,1,373,127,'2004-02-22 00:00:00',4,0,0,114),(2,1,377,131,'2004-02-21 00:00:00',14,0,0,115),(2,1,380,134,'2004-02-28 00:00:00',13,0,0,116),(2,1,384,138,'2004-04-01 00:00:00',13,4,0,117),(2,1,385,139,'2004-03-17 00:00:00',5,0,0,118),(2,1,386,140,'2004-03-20 00:00:00',5,0,0,119),(2,1,387,141,'2004-03-21 00:00:00',5,0,0,120),(2,1,388,142,'2004-03-23 00:00:00',13,6,0,121),(2,1,389,144,'2004-03-24 00:00:00',17,0,0,122),(2,1,390,144,'2004-03-25 00:00:00',17,0,0,123),(2,1,391,145,'2004-03-26 00:00:00',17,0,0,124),(2,1,392,146,'2004-03-27 00:00:00',17,0,0,125),(2,1,393,147,'2004-03-28 00:00:00',15,1,0,126),(2,1,397,151,'2004-04-06 00:00:00',5,0,0,127),(2,1,398,152,'2004-04-07 00:00:00',5,0,0,128),(2,1,399,153,'2004-04-10 00:00:00',5,0,0,129),(2,1,400,154,'2004-04-11 00:00:00',5,0,0,130),(2,1,403,157,'2004-04-18 00:00:00',4,0,0,131),(100,2,268,18,'2003-07-06 00:00:00',5,6,0,132),(100,2,282,17,'2003-07-26 00:00:00',5,6,0,133),(100,2,306,16,'2003-08-26 00:00:00',5,6,0,134),(100,2,307,16,'2003-08-27 00:00:00',5,6,0,135),(0,5,415,169,'2004-05-11 00:00:00',0,0,0,136),(4,1,389,144,'2004-04-18 00:00:00',17,0,0,137),(3,1,389,144,'2004-04-18 00:01:00',17,0,0,138),(100,3,320,77,'2004-02-10 00:00:00',4,6,0,139),(2,5,414,168,'2004-05-14 00:00:00',4,0,0,140),(4,5,414,168,'2004-05-14 00:01:00',4,0,0,141),(20,5,414,168,'2004-05-14 00:02:00',4,0,0,142),(2,5,415,169,'2004-05-15 00:00:00',4,0,0,143),(4,5,415,169,'2004-05-15 00:01:00',4,0,0,144),(20,5,415,169,'2004-05-15 00:02:00',4,0,0,145),(100,5,415,169,'2004-05-15 00:03:00',4,0,0,146),(2,1,397,151,'2004-04-28 00:02:00',5,0,0,147),(2,1,406,160,'2004-05-07 00:01:00',16,6,0,148),(100,5,414,168,'2004-05-17 00:00:00',4,0,0,149),(4,1,330,84,'2004-02-29 00:00:00',5,0,0,150),(20,1,330,84,'2004-02-29 00:01:00',5,0,0,151),(3,1,330,84,'2004-02-29 00:02:00',5,6,0,152),(3,1,355,109,'2004-03-25 00:00:00',15,6,0,153),(20,1,355,109,'2004-03-25 00:01:00',5,6,0,154),(4,1,397,151,'2004-05-06 00:00:00',5,6,0,155),(20,1,397,151,'2004-05-06 00:01:00',5,6,0,156),(3,1,386,140,'2004-04-25 00:00:00',5,6,0,157),(4,1,386,140,'2004-04-25 00:01:00',5,6,0,158),(3,1,387,141,'2004-04-26 00:00:00',5,6,2,159),(2,1,413,167,'2004-05-22 00:01:00',5,0,0,160),(100,1,357,111,'2004-03-28 00:00:00',13,6,0,161),(100,1,353,107,'2004-03-24 00:00:00',13,6,0,162),(2,1,420,177,'2004-06-03 00:00:00',5,6,0,163),(3,2,278,11,'2004-01-13 00:00:00',5,6,0,164),(3,2,276,12,'2004-01-11 00:00:00',5,6,0,165),(2,1,419,172,'2004-06-03 00:00:00',16,0,0,166),(100,1,355,109,'2004-03-31 00:00:00',5,6,0,167),(100,1,362,116,'2004-04-07 00:00:00',13,6,0,168),(4,1,290,52,'2004-01-26 00:00:00',17,0,0,169),(20,1,290,52,'2004-01-26 00:01:00',17,0,0,170),(3,1,346,100,'2004-03-22 00:00:00',16,6,0,171),(3,1,356,110,'2004-04-01 00:00:00',16,6,0,172),(3,1,363,117,'2004-04-08 00:00:00',16,6,0,173),(3,1,404,158,'2004-05-19 00:00:00',16,6,0,174),(3,1,408,162,'2004-05-23 00:00:00',16,6,0,175),(4,1,340,94,'2004-03-16 00:00:00',17,6,0,176),(20,1,340,94,'2004-03-16 00:01:00',17,6,0,177),(3,1,389,144,'2004-05-04 00:00:00',17,6,0,178),(4,1,390,144,'2004-05-05 00:00:00',17,0,0,179),(20,1,390,144,'2004-05-05 00:01:00',17,0,0,180),(4,1,392,146,'2004-05-07 00:00:00',17,6,0,181),(3,1,419,172,'2004-06-03 00:01:00',16,0,0,182),(2,1,370,124,'2004-04-15 00:00:00',17,6,0,183),(4,1,370,124,'2004-04-15 00:01:00',17,6,0,184),(20,1,370,124,'2004-04-15 00:02:00',17,6,0,185),(2,1,371,125,'2004-04-16 00:00:00',17,6,0,186),(4,1,371,125,'2004-04-16 00:01:00',17,6,0,187),(20,1,371,125,'2004-04-16 00:02:00',17,6,0,188),(4,1,389,144,'2004-05-04 00:01:00',17,6,0,189),(20,1,389,144,'2004-05-04 00:02:00',17,6,0,190),(20,1,392,146,'2004-05-07 00:01:00',17,6,0,191),(2,1,361,115,'2004-04-06 00:00:00',17,4,0,192),(-1,1,361,115,'2004-04-06 00:01:00',17,4,0,193),(2,1,359,113,'2004-04-04 00:00:00',17,0,0,194),(2,1,359,113,'2004-04-04 00:01:00',17,5,0,195),(-1,1,359,113,'2004-04-04 00:02:00',17,5,0,196),(3,1,289,51,'2004-01-25 00:00:00',17,6,0,197),(2,1,426,184,'2004-06-10 00:01:00',17,6,0,198),(4,1,426,184,'2004-06-10 00:02:00',17,6,0,199),(3,1,426,184,'2004-06-10 00:03:00',17,6,0,200),(20,1,426,184,'2004-06-10 00:04:00',17,6,0,201),(3,1,372,184,'2004-04-17 00:00:00',17,6,0,202),(100,1,358,112,'2004-04-03 00:00:00',13,6,0,203),(3,2,283,14,'2004-01-20 00:00:00',5,6,0,204),(3,2,277,11,'2004-01-14 00:00:00',5,6,0,205),(3,2,280,15,'2004-01-17 00:00:00',5,6,0,206),(3,1,342,96,'2004-03-20 00:00:00',16,6,0,207),(3,1,407,161,'2004-05-24 00:00:00',16,6,0,208),(4,1,420,177,'2004-06-06 00:00:00',5,6,0,209),(20,1,420,177,'2004-06-06 00:01:00',5,6,0,210),(3,1,289,51,'2004-01-31 00:00:00',17,6,0,211),(4,1,419,172,'2004-06-09 00:00:00',16,0,0,212),(-1,1,348,102,'2004-03-30 00:00:00',15,4,0,213),(100,1,330,84,'2004-03-13 00:00:00',5,0,0,214),(100,1,420,177,'2004-06-11 00:00:00',5,6,0,215),(100,1,408,162,'2004-05-30 00:00:00',16,6,0,216),(100,1,347,101,'2004-03-30 00:00:00',13,6,0,217),(100,1,356,110,'2004-04-08 00:00:00',16,6,0,218),(100,1,381,135,'2004-05-03 00:00:00',13,6,0,219),(100,1,394,135,'2004-05-16 00:00:00',13,6,0,220),(4,1,406,160,'2004-05-28 00:00:00',16,6,0,221),(2,1,335,89,'2004-03-19 00:00:00',17,0,0,222),(2,1,336,90,'2004-03-20 00:00:00',17,0,0,223),(2,1,422,179,'2004-06-15 00:00:00',5,0,0,224),(2,1,422,179,'2004-06-15 00:01:00',5,6,0,225),(100,1,354,108,'2004-04-11 00:00:00',13,6,0,226),(100,1,352,106,'2004-04-09 00:00:00',13,6,0,227),(100,1,396,150,'2004-05-23 00:00:00',13,6,0,228),(20,1,386,140,'2004-05-13 00:00:00',5,6,0,229),(5,1,263,34,'2004-01-13 00:00:00',13,6,0,230),(3,1,263,34,'2004-01-13 00:01:00',13,6,0,231),(4,1,387,140,'2004-05-16 00:00:00',5,0,0,232),(20,1,387,140,'2004-05-16 00:01:00',5,0,0,233),(5,2,266,13,'2004-01-16 00:00:00',5,6,0,234),(5,2,277,11,'2004-01-27 00:00:00',5,6,0,235),(5,2,278,11,'2004-01-28 00:00:00',5,6,0,236),(5,2,279,19,'2004-01-29 00:00:00',5,6,0,237),(5,2,283,14,'2004-02-02 00:00:00',5,6,0,238),(5,2,308,14,'2004-02-27 00:00:00',5,6,1,239),(5,1,330,84,'2004-03-20 00:00:00',5,0,0,240),(5,1,397,151,'2004-05-26 00:00:00',5,6,0,241),(5,1,386,140,'2004-05-15 00:00:00',5,6,0,242),(5,1,387,140,'2004-05-16 00:02:00',5,0,0,243),(5,1,372,184,'2004-05-01 00:00:00',17,6,0,244),(5,1,426,184,'2004-06-24 00:00:00',17,6,0,245),(2,5,435,194,'2004-07-03 00:01:00',16,6,0,246),(2,5,436,195,'2004-07-04 00:01:00',16,6,0,247),(100,1,346,103,'2004-04-05 00:00:00',16,6,0,248),(100,1,349,103,'2004-04-08 00:00:00',13,6,1,249),(100,1,383,137,'2004-05-12 00:00:00',13,6,0,250),(100,1,395,137,'2004-05-24 00:00:00',13,6,0,251),(2,5,440,198,'2004-07-08 00:01:00',16,6,0,252),(20,1,405,159,'2004-06-04 00:00:00',16,6,2,253),(2,5,437,196,'2004-07-06 00:00:00',16,6,0,254),(2,5,361,115,'2004-04-21 00:01:00',17,0,0,255),(4,5,361,115,'2004-04-21 00:02:00',17,0,0,256),(2,1,361,115,'2004-04-21 00:03:00',17,0,0,257),(4,1,361,115,'2004-04-21 00:04:00',17,0,0,258),(2,1,442,200,'2004-07-11 00:00:00',17,6,0,259),(2,1,442,200,'2004-07-11 00:01:00',17,0,0,260),(2,1,444,202,'2004-07-13 00:00:00',17,6,0,261),(2,1,444,202,'2004-07-13 00:01:00',17,0,0,262),(2,1,445,203,'2004-07-14 00:00:00',17,6,0,263),(2,1,445,203,'2004-07-14 00:01:00',17,0,0,264),(2,1,446,204,'2004-07-15 00:00:00',17,6,0,265),(2,1,446,204,'2004-07-15 00:01:00',17,0,0,266),(2,1,447,205,'2004-07-16 00:00:00',17,6,0,267),(2,5,435,194,'2004-07-04 00:00:00',16,6,1,268),(2,1,435,194,'2004-07-04 00:02:00',16,6,1,269),(2,1,440,198,'2004-07-09 00:01:00',16,6,0,270),(2,2,437,196,'2004-07-06 00:02:00',16,6,0,271),(2,1,438,197,'2004-07-07 00:00:00',16,6,0,272),(2,1,439,197,'2004-07-08 00:00:00',16,6,0,273),(2,1,447,205,'2004-07-16 00:01:00',17,0,0,274),(2,1,436,195,'2004-07-05 00:01:00',16,6,0,275),(2,1,437,196,'2004-07-06 00:03:00',16,6,0,276),(2,1,417,170,'2004-06-16 00:01:00',16,1,0,277),(2,1,427,185,'2004-06-26 00:00:00',5,6,0,278),(2,1,428,185,'2004-06-27 00:00:00',5,6,0,279),(5,2,280,15,'2004-02-01 00:00:00',5,6,0,280),(5,2,281,15,'2004-02-02 00:00:00',5,6,1,281),(2,1,468,224,'2004-08-07 00:01:00',16,6,0,282),(2,1,469,225,'2004-08-08 00:01:00',16,6,0,283),(2,1,470,226,'2004-08-09 00:01:00',16,6,0,284),(-1,1,422,179,'2004-06-22 00:00:00',5,6,0,285),(2,1,466,150,'2004-08-01 00:01:00',5,6,2,286),(100,1,420,177,'2004-06-23 00:00:00',13,6,0,287),(5,1,407,161,'2004-06-10 00:00:00',16,6,0,288),(4,1,427,185,'2004-06-30 00:00:00',5,6,0,289),(4,1,428,185,'2004-07-01 00:00:00',5,6,0,290),(4,1,427,185,'2004-06-30 00:01:00',5,6,1,291),(4,1,435,194,'2004-07-08 00:00:00',16,6,1,292),(4,1,437,196,'2004-07-10 00:00:00',16,6,0,293),(4,1,468,224,'2004-08-11 00:00:00',16,6,0,294),(4,1,469,225,'2004-08-12 00:00:00',16,6,0,295),(2,5,472,198,'2004-08-15 00:01:00',16,6,1,296),(100,1,397,151,'2004-06-02 00:00:00',5,6,0,297),(100,1,289,51,'2004-02-15 00:00:00',17,6,0,298),(100,1,363,117,'2004-04-29 00:00:00',16,6,0,299),(3,1,406,160,'2004-06-11 00:00:00',16,6,0,300),(2,1,473,227,'2004-08-17 00:01:00',16,6,0,301),(2,1,474,228,'2004-08-18 00:01:00',16,6,0,302),(3,1,437,196,'2004-07-12 00:00:00',16,6,0,303),(2,1,444,202,'2004-07-20 00:00:00',17,6,0,304),(4,1,444,202,'2004-07-20 00:01:00',17,6,0,305),(4,1,445,203,'2004-07-21 00:00:00',17,0,0,306),(4,1,445,203,'2004-07-21 00:01:00',17,6,0,307),(-1,1,422,179,'2004-06-28 00:00:00',5,4,0,308),(4,1,400,154,'2004-06-06 00:00:00',5,6,0,309),(3,1,399,154,'2004-06-05 00:00:00',5,6,1,310),(3,1,400,154,'2004-06-06 00:01:00',5,6,0,311),(3,1,435,194,'2004-07-11 00:00:00',16,6,1,312),(3,1,469,225,'2004-08-14 00:00:00',16,6,0,313),(4,1,436,195,'2004-07-12 00:00:00',16,6,0,314),(4,1,440,198,'2004-07-16 00:00:00',16,6,0,315),(2,1,399,154,'2004-06-06 00:00:00',5,6,1,316),(3,1,468,224,'2004-08-14 00:00:00',16,6,0,317),(100,1,290,51,'2004-02-16 00:00:00',17,6,2,318),(20,1,390,144,'2004-05-30 00:00:00',17,6,0,319),(2,1,450,207,'2004-07-29 00:01:00',17,6,0,320),(2,1,450,207,'2004-07-29 00:02:00',17,0,0,321),(2,1,454,210,'2004-08-03 00:00:00',13,6,0,322),(2,1,455,211,'2004-08-04 00:00:00',13,6,0,323),(2,1,456,212,'2004-08-05 00:00:00',13,6,0,324),(2,1,360,114,'2004-05-01 00:01:00',13,6,0,325),(4,1,360,114,'2004-05-01 00:02:00',13,6,0,326),(20,1,360,114,'2004-05-01 00:03:00',13,6,0,327),(100,1,344,98,'2004-04-15 00:00:00',17,6,0,328),(4,1,470,226,'2004-08-19 00:00:00',16,6,0,329),(5,1,406,160,'2004-06-16 00:00:00',16,6,0,330),(100,1,386,140,'2004-05-27 00:00:00',5,6,0,331),(100,1,387,140,'2004-05-28 00:00:00',5,0,0,332),(20,1,406,160,'2004-06-16 00:01:00',16,6,0,333),(5,3,322,24,'2004-03-24 00:00:00',4,6,0,334),(5,3,315,26,'2004-03-17 00:00:00',4,6,0,335),(5,1,358,112,'2004-04-29 00:00:00',13,6,0,336),(5,1,346,103,'2004-04-17 00:00:00',16,6,0,337),(5,1,349,103,'2004-04-20 00:00:00',13,6,1,338),(5,1,404,159,'2004-06-14 00:00:00',16,6,0,339),(5,1,344,98,'2004-04-15 00:01:00',17,6,0,340),(5,1,362,116,'2004-05-03 00:00:00',13,6,0,341),(5,3,320,77,'2004-03-22 00:00:00',4,6,0,342),(5,1,401,155,'2004-06-11 00:00:00',13,6,0,343),(5,1,337,91,'2004-04-08 00:00:00',13,6,0,344),(5,1,355,109,'2004-04-26 00:00:00',5,6,0,345),(5,1,347,101,'2004-04-18 00:00:00',13,6,0,346),(5,1,357,111,'2004-04-28 00:00:00',13,6,0,347),(5,1,338,92,'2004-04-09 00:00:00',13,6,0,348),(5,1,352,106,'2004-04-23 00:00:00',13,6,0,349),(5,1,353,107,'2004-04-24 00:00:00',13,6,0,350),(5,1,370,124,'2004-05-11 00:00:00',17,6,0,351),(5,1,363,117,'2004-05-04 00:00:00',16,6,0,352),(5,1,342,161,'2004-04-13 00:00:00',16,6,0,353),(5,1,395,137,'2004-06-05 00:00:00',13,6,0,354),(5,1,383,137,'2004-05-24 00:00:00',13,6,0,355),(5,1,356,110,'2004-04-27 00:00:00',16,6,0,356),(5,1,394,135,'2004-06-04 00:00:00',13,6,0,357),(5,1,381,135,'2004-05-22 00:00:00',13,6,0,358),(5,1,354,108,'2004-04-25 00:00:00',13,6,0,359),(5,1,408,162,'2004-06-18 00:00:00',16,6,0,360),(5,1,396,150,'2004-06-06 00:00:00',13,6,0,361),(5,1,392,146,'2004-06-02 00:00:00',17,6,0,362),(5,1,390,144,'2004-05-31 00:00:00',17,6,0,363),(5,1,389,144,'2004-05-30 00:00:00',17,6,0,364),(5,1,371,125,'2004-05-12 00:00:00',17,6,0,365),(5,1,360,114,'2004-05-01 00:04:00',13,6,0,366),(5,1,420,177,'2004-06-30 00:00:00',13,6,0,367),(100,1,342,161,'2004-04-14 00:00:00',16,6,0,368),(100,1,407,161,'2004-06-18 00:00:00',16,6,0,369),(100,1,401,155,'2004-06-12 00:00:00',13,6,0,370),(2,1,472,198,'2004-08-23 00:01:00',16,6,1,371),(20,1,436,195,'2004-07-18 00:00:00',16,6,0,372),(20,1,437,196,'2004-07-19 00:00:00',16,6,0,373),(20,1,435,194,'2004-07-17 00:00:00',16,6,1,374),(20,1,419,172,'2004-07-01 00:00:00',16,0,0,375),(20,1,470,226,'2004-08-21 00:00:00',16,6,0,376),(20,1,469,225,'2004-08-20 00:00:00',16,6,0,377),(100,1,263,34,'2004-01-27 00:00:00',13,6,0,378),(100,1,390,144,'2004-06-02 00:00:00',17,6,0,379),(100,1,389,144,'2004-06-01 00:00:00',17,6,0,380),(2,1,484,235,'2004-09-04 00:01:00',17,0,0,381),(5,1,289,51,'2004-02-22 00:00:00',17,6,0,382),(2,1,485,236,'2004-09-05 00:01:00',17,6,0,383),(2,1,478,231,'2004-08-29 00:01:00',17,0,0,384),(2,1,480,232,'2004-08-31 00:01:00',17,0,0,385),(-1,1,477,230,'2004-08-28 00:00:00',15,2,1,386),(2,1,482,233,'2004-09-02 00:01:00',17,0,0,387),(2,1,483,234,'2004-09-03 00:01:00',17,0,0,388),(2,1,479,231,'2004-08-30 00:02:00',17,0,0,389),(-1,5,489,240,'2004-09-09 00:01:00',15,3,1,390),(100,1,426,184,'2004-07-09 00:00:00',17,6,0,391),(100,1,340,94,'2004-04-14 00:00:00',17,6,0,392),(100,1,341,94,'2004-04-15 00:00:00',17,6,0,393),(100,1,370,124,'2004-05-14 00:00:00',17,6,0,394),(100,1,371,124,'2004-05-15 00:00:00',17,6,0,395),(20,1,468,224,'2004-08-20 00:00:00',16,6,0,396),(5,1,419,172,'2004-07-02 00:00:00',16,0,0,397),(4,1,474,228,'2004-08-26 00:00:00',16,6,0,398),(2,1,490,241,'2004-09-11 00:01:00',16,6,0,399),(2,1,439,197,'2004-07-22 00:00:00',16,0,0,400),(2,1,438,197,'2004-07-21 00:00:00',16,6,0,401),(2,1,438,197,'2004-07-21 00:01:00',16,0,0,402),(3,1,440,198,'2004-07-23 00:00:00',16,6,0,403),(3,1,470,226,'2004-08-22 00:00:00',16,6,0,404),(5,1,469,225,'2004-08-22 00:00:00',16,6,0,405),(20,1,427,185,'2004-07-11 00:00:00',5,6,1,406),(20,1,428,185,'2004-07-12 00:00:00',5,6,0,407),(4,1,399,154,'2004-06-13 00:00:00',5,6,1,408),(20,1,399,154,'2004-06-13 00:01:00',5,6,1,409),(20,1,400,154,'2004-06-14 00:00:00',5,6,0,410),(4,1,473,227,'2004-08-26 00:00:00',16,6,0,411),(4,1,472,198,'2004-08-25 00:00:00',16,6,1,412),(2,5,492,168,'2004-09-15 00:01:00',4,6,0,413),(4,5,492,168,'2004-09-15 00:02:00',4,6,0,414),(20,5,492,168,'2004-09-15 00:03:00',4,6,0,415),(5,1,399,154,'2004-06-16 00:00:00',5,6,1,416),(5,1,400,154,'2004-06-17 00:00:00',5,6,0,417),(2,1,499,241,'2004-09-24 00:01:00',16,6,0,418),(100,1,330,84,'2004-04-08 00:00:00',5,6,0,419),(4,1,391,145,'2004-06-08 00:00:00',17,0,0,420),(2,1,446,204,'2004-08-02 00:00:00',17,4,0,421),(-1,1,446,204,'2004-08-02 00:01:00',17,4,0,422),(2,1,482,233,'2004-09-07 00:00:00',17,4,0,423),(-1,1,482,233,'2004-09-07 00:01:00',17,4,0,424),(2,1,483,234,'2004-09-08 00:00:00',13,0,0,425),(2,1,485,236,'2004-09-10 00:00:00',13,6,0,426),(2,1,494,244,'2004-09-19 00:01:00',13,6,0,427),(2,1,500,234,'2004-09-25 00:01:00',13,6,0,428),(2,1,501,248,'2004-09-26 00:01:00',13,6,0,429),(2,1,503,250,'2004-09-30 00:01:00',13,6,0,430),(2,1,504,251,'2004-10-01 00:01:00',17,0,0,431),(2,1,476,229,'2004-09-03 00:01:00',17,6,0,432),(2,1,476,229,'2004-09-03 00:02:00',17,0,0,433),(100,5,492,168,'2004-09-19 00:00:00',4,6,0,434),(5,1,437,196,'2004-07-26 00:00:00',16,6,0,435),(5,1,341,94,'2004-04-21 00:00:00',17,6,0,436),(5,1,340,94,'2004-04-20 00:00:00',17,6,0,437),(2,1,487,238,'2004-09-14 00:01:00',15,6,0,438),(4,1,487,238,'2004-09-14 00:02:00',15,6,0,439),(2,5,488,239,'2004-09-15 00:00:00',15,6,0,440),(2,1,488,239,'2004-09-15 00:02:00',15,6,0,441),(2,5,486,237,'2004-09-13 00:00:00',15,6,0,442),(4,5,486,237,'2004-09-13 00:01:00',15,6,0,443),(2,1,486,237,'2004-09-13 00:03:00',15,6,0,444),(4,1,486,237,'2004-09-13 00:04:00',15,6,0,445),(5,1,428,185,'2004-07-17 00:00:00',5,6,0,446),(5,1,427,185,'2004-07-16 00:00:00',5,6,1,447),(4,1,454,210,'2004-08-12 00:00:00',13,6,0,448),(3,1,455,211,'2004-08-13 00:00:00',13,6,0,449),(4,1,455,211,'2004-08-13 00:01:00',13,6,0,450),(2,1,448,206,'2004-08-06 00:01:00',17,5,0,451),(2,1,448,206,'2004-08-06 00:02:00',17,0,0,452),(2,1,449,206,'2004-08-07 00:00:00',17,6,0,453),(2,1,457,213,'2004-08-15 00:00:00',13,6,0,454),(3,1,457,213,'2004-08-15 00:01:00',13,6,0,455),(2,1,459,215,'2004-08-17 00:01:00',13,6,0,456),(4,1,459,215,'2004-08-17 00:02:00',13,6,0,457),(3,1,459,215,'2004-08-17 00:03:00',13,6,0,458),(20,1,459,215,'2004-08-17 00:04:00',13,6,0,459),(3,1,473,227,'2004-08-31 00:00:00',16,6,0,460),(2,1,461,217,'2004-08-19 00:01:00',13,6,0,461),(4,1,461,217,'2004-08-19 00:02:00',13,6,0,462),(2,1,483,234,'2004-09-10 00:00:00',13,6,0,463),(4,1,483,234,'2004-09-10 00:01:00',13,6,0,464),(4,1,500,234,'2004-09-27 00:00:00',13,6,0,465),(4,1,485,236,'2004-09-12 00:00:00',13,6,0,466),(4,1,503,250,'2004-09-30 00:02:00',13,6,0,467),(2,1,497,236,'2004-09-24 00:01:00',13,6,0,468),(4,1,497,236,'2004-09-24 00:02:00',13,6,0,469),(2,1,465,221,'2004-08-23 00:01:00',13,6,0,470),(5,1,435,194,'2004-07-25 00:00:00',16,6,1,471),(5,1,468,224,'2004-08-27 00:00:00',16,6,0,472),(3,1,474,228,'2004-09-02 00:00:00',16,6,0,473),(2,1,491,242,'2004-09-19 00:01:00',13,6,0,474),(2,1,506,253,'2004-10-05 00:00:00',13,6,0,475),(2,1,460,216,'2004-08-20 00:00:00',13,6,0,476),(4,1,460,216,'2004-08-20 00:01:00',13,6,0,477),(4,1,465,221,'2004-08-25 00:00:00',13,6,0,478),(2,1,505,252,'2004-10-04 00:01:00',13,6,0,479),(2,1,505,252,'2004-10-04 00:02:00',13,6,2,480),(2,1,502,249,'2004-10-01 00:01:00',13,6,0,481),(2,1,508,255,'2004-10-07 00:01:00',14,6,0,482),(2,1,509,256,'2004-10-08 00:01:00',14,6,0,483),(20,1,474,228,'2004-09-06 00:00:00',16,6,0,484),(2,1,510,257,'2004-10-12 00:01:00',17,6,0,485),(2,1,510,257,'2004-10-12 00:02:00',17,0,0,486),(100,1,437,196,'2004-08-01 00:00:00',16,6,0,487),(100,1,468,224,'2004-09-01 00:00:00',16,6,0,488),(100,1,419,172,'2004-07-14 00:00:00',16,0,0,489),(2,1,450,207,'2004-08-14 00:00:00',17,6,0,490),(20,1,445,203,'2004-08-09 00:00:00',17,6,0,491),(4,1,504,251,'2004-10-07 00:00:00',17,0,0,492),(20,1,444,202,'2004-08-08 00:00:00',17,6,0,493),(4,1,450,207,'2004-08-14 00:01:00',17,6,0,494),(4,1,491,242,'2004-09-24 00:00:00',13,6,0,495),(2,1,430,189,'2004-07-25 00:01:00',13,6,0,496),(4,1,430,189,'2004-07-25 00:02:00',13,6,0,497),(3,1,436,195,'2004-07-31 00:00:00',16,6,0,498),(3,1,472,198,'2004-09-05 00:00:00',16,6,1,499),(20,1,472,198,'2004-09-05 00:01:00',16,6,1,500),(20,1,440,198,'2004-08-04 00:00:00',16,6,0,501),(5,1,470,226,'2004-09-03 00:00:00',16,6,0,502),(2,1,488,239,'2004-09-21 00:00:00',15,6,0,503),(4,1,488,239,'2004-09-21 00:01:00',15,6,0,504),(2,3,512,259,'2004-10-16 00:01:00',4,6,0,505),(2,3,326,80,'2004-04-13 00:00:00',4,0,0,506),(2,5,511,258,'2004-10-15 00:01:00',15,6,0,507),(2,1,496,246,'2004-09-30 00:01:00',13,6,0,508),(100,1,428,185,'2004-07-25 00:00:00',5,6,0,509),(100,1,427,185,'2004-07-24 00:00:00',5,6,1,510),(100,1,470,226,'2004-09-05 00:00:00',16,6,0,511),(100,1,392,146,'2004-06-19 00:00:00',17,6,0,512),(3,1,500,234,'2004-10-05 00:00:00',13,6,0,513),(5,1,461,217,'2004-08-27 00:00:00',13,6,0,514),(2,1,471,114,'2004-09-07 00:01:00',13,0,0,515),(4,1,471,114,'2004-09-07 00:02:00',13,0,0,516),(20,1,471,114,'2004-09-07 00:03:00',13,0,0,517),(100,1,406,160,'2004-07-08 00:00:00',16,6,0,518),(2,3,309,70,'2004-04-02 00:00:00',4,0,0,519),(5,3,310,21,'2004-04-03 00:00:00',4,6,0,520),(3,3,310,21,'2004-04-03 00:01:00',4,6,0,521),(3,3,311,20,'2004-04-04 00:00:00',4,6,0,522),(5,3,311,20,'2004-04-04 00:01:00',4,6,0,523),(3,3,315,26,'2004-04-08 00:00:00',4,6,0,524),(3,3,317,22,'2004-04-10 00:00:00',4,6,0,525),(5,3,317,22,'2004-04-10 00:01:00',4,6,0,526),(3,3,320,77,'2004-04-13 00:00:00',4,6,0,527),(3,3,322,24,'2004-04-15 00:00:00',4,6,0,528),(5,3,323,23,'2004-04-16 00:00:00',4,6,0,529),(5,3,324,23,'2004-04-17 00:00:00',4,6,0,530),(3,3,325,25,'2004-04-18 00:00:00',4,6,0,531),(5,3,325,25,'2004-04-18 00:01:00',4,6,0,532),(2,3,373,127,'2004-06-05 00:00:00',4,0,0,533),(5,1,455,211,'2004-08-26 00:00:00',13,6,0,534),(2,5,515,261,'2004-10-25 00:01:00',15,6,0,535),(2,1,515,261,'2004-10-25 00:02:00',15,6,0,536),(2,1,511,258,'2004-10-21 00:01:00',15,6,0,537),(5,2,276,12,'2004-03-01 00:00:00',5,6,0,538),(5,5,414,168,'2004-07-17 00:00:00',4,0,0,539),(5,5,492,168,'2004-10-03 00:00:00',4,6,0,540),(5,5,415,169,'2004-07-18 00:00:00',4,0,0,541),(20,1,473,227,'2004-09-14 00:00:00',16,6,0,542),(-1,1,489,240,'2004-09-30 00:01:00',15,3,1,543),(4,1,511,258,'2004-10-22 00:00:00',15,6,0,544),(20,1,460,216,'2004-09-01 00:00:00',13,6,0,545),(20,1,461,217,'2004-09-02 00:00:00',13,6,0,546),(4,1,457,213,'2004-08-29 00:00:00',13,6,0,547),(20,1,457,213,'2004-08-29 00:01:00',13,6,0,548),(20,1,503,250,'2004-10-14 00:00:00',13,6,0,549),(20,1,454,210,'2004-08-26 00:00:00',13,6,0,550),(100,1,469,225,'2004-09-11 00:00:00',16,6,0,551),(100,1,474,228,'2004-09-16 00:00:00',16,6,0,552),(2,1,434,193,'2004-08-07 00:01:00',16,6,0,553),(100,1,440,198,'2004-08-13 00:00:00',16,6,0,554),(100,1,472,198,'2004-09-14 00:00:00',16,6,1,555),(3,1,487,238,'2004-09-29 00:00:00',15,6,0,556),(5,1,487,238,'2004-09-29 00:01:00',15,6,0,557),(4,1,515,261,'2004-10-27 00:00:00',15,6,0,558),(3,1,486,237,'2004-09-28 00:00:00',15,6,0,559),(4,1,494,244,'2004-10-08 00:00:00',13,6,0,560),(3,1,494,244,'2004-10-08 00:01:00',13,6,0,561),(20,1,494,244,'2004-10-08 00:02:00',13,6,0,562),(2,1,496,246,'2004-10-10 00:00:00',13,6,0,563),(4,1,496,246,'2004-10-10 00:01:00',13,6,0,564),(2,1,518,265,'2004-11-01 00:01:00',13,6,0,565),(4,1,518,265,'2004-11-01 00:02:00',13,6,0,566),(2,1,513,260,'2004-10-27 00:01:00',13,6,0,567),(4,1,513,260,'2004-10-27 00:02:00',13,6,0,568),(4,1,502,249,'2004-10-16 00:00:00',13,6,0,569),(4,1,505,252,'2004-10-19 00:00:00',13,6,2,570),(4,1,455,211,'2004-08-30 00:00:00',13,6,0,571),(20,1,455,211,'2004-08-30 00:01:00',13,6,0,572),(20,1,497,236,'2004-10-11 00:00:00',13,6,0,573),(20,1,485,236,'2004-09-29 00:00:00',13,6,0,574),(20,1,502,249,'2004-10-16 00:01:00',13,6,0,575),(2,1,519,266,'2004-11-02 00:01:00',13,6,0,576),(2,1,522,266,'2004-11-05 00:01:00',13,6,0,577),(2,1,456,212,'2004-08-31 00:00:00',13,6,2,578),(3,1,483,234,'2004-09-27 00:00:00',13,6,0,579),(3,1,491,242,'2004-10-05 00:00:00',13,6,0,580),(3,1,496,246,'2004-10-10 00:02:00',13,6,0,581),(3,1,497,236,'2004-10-11 00:01:00',13,6,0,582),(3,1,485,236,'2004-09-29 00:01:00',13,6,0,583),(3,1,513,260,'2004-10-27 00:03:00',13,6,0,584),(3,1,503,250,'2004-10-17 00:00:00',13,6,0,585),(3,1,502,249,'2004-10-16 00:02:00',13,6,0,586),(3,1,505,252,'2004-10-19 00:01:00',13,6,2,587),(4,1,456,212,'2004-09-01 00:00:00',13,6,2,588),(20,1,456,212,'2004-09-01 00:01:00',13,6,2,589),(2,1,506,253,'2004-10-21 00:00:00',13,6,0,590),(3,1,390,144,'2004-06-27 00:00:00',17,6,0,591),(2,1,442,200,'2004-08-18 00:00:00',17,6,0,592),(4,1,442,200,'2004-08-18 00:01:00',17,6,0,593),(2,1,493,243,'2004-10-09 00:01:00',17,6,0,594),(2,1,493,243,'2004-10-09 00:02:00',17,0,0,595),(5,1,474,228,'2004-09-20 00:00:00',16,6,0,596),(100,1,266,13,'2004-02-25 00:00:00',5,6,0,597),(5,1,457,213,'2004-09-03 00:00:00',13,6,0,598),(2,1,514,252,'2004-10-30 00:00:00',13,6,2,599),(5,1,459,215,'2004-09-06 00:00:00',13,6,0,600),(5,1,460,216,'2004-09-07 00:00:00',13,6,0,601),(5,1,503,250,'2004-10-20 00:00:00',13,6,0,602),(100,1,460,216,'2004-09-07 00:01:00',13,6,0,603),(3,1,519,266,'2004-11-05 00:00:00',13,6,0,604),(4,1,522,266,'2004-11-08 00:00:00',13,6,0,605),(3,1,522,266,'2004-11-08 00:01:00',13,6,0,606),(4,1,519,266,'2004-11-05 00:01:00',13,6,0,607),(2,1,524,270,'2004-11-11 00:00:00',13,6,0,608),(2,1,523,269,'2004-11-10 00:01:00',13,6,0,609),(3,1,515,261,'2004-11-02 00:00:00',15,6,0,610),(2,1,508,255,'2004-10-26 00:00:00',13,6,0,611),(100,1,457,213,'2004-09-05 00:00:00',13,6,0,612),(3,1,401,155,'2004-07-11 00:00:00',13,6,0,613),(100,1,436,195,'2004-08-16 00:00:00',16,6,0,614),(4,1,434,193,'2004-08-14 00:00:00',16,6,0,615),(3,1,473,227,'2004-09-22 00:00:00',16,6,0,616),(3,1,474,228,'2004-09-23 00:00:00',16,6,0,617),(3,1,436,195,'2004-08-16 00:01:00',16,6,0,618),(3,1,468,224,'2004-09-17 00:00:00',16,6,0,619),(3,1,469,225,'2004-09-18 00:00:00',16,6,0,620),(3,1,435,194,'2004-08-15 00:00:00',16,6,1,621),(5,1,486,237,'2004-10-06 00:00:00',15,6,0,622),(5,1,511,258,'2004-10-31 00:00:00',15,6,0,623),(2,3,517,264,'2004-11-06 00:00:00',4,6,0,624),(2,3,331,85,'2004-05-04 00:00:00',4,0,0,625),(4,1,466,150,'2004-08-01 00:02:00',13,6,2,626),(20,1,466,150,'2004-08-01 00:03:00',13,6,2,627),(3,1,488,239,'2004-10-10 00:00:00',15,6,0,628),(4,1,499,241,'2004-10-22 00:00:00',16,6,0,629),(3,1,499,241,'2004-10-22 00:01:00',16,6,0,630),(4,1,490,241,'2004-10-13 00:00:00',16,6,0,631),(3,1,490,241,'2004-10-13 00:01:00',16,6,0,632),(2,1,525,274,'2004-11-17 00:01:00',17,0,0,633),(5,1,444,202,'2004-08-28 00:00:00',17,6,0,634),(100,1,466,150,'2004-08-01 00:04:00',13,6,2,635),(2,4,526,275,'2004-11-18 00:01:00',29,6,0,636),(4,4,526,275,'2004-11-18 00:02:00',29,6,0,637),(20,4,526,275,'2004-11-18 00:03:00',29,6,0,638),(5,4,526,275,'2004-11-18 00:04:00',29,6,0,639),(3,4,526,275,'2004-11-18 00:05:00',29,6,0,640),(2,4,537,286,'2004-11-29 00:01:00',29,6,0,641),(4,4,537,286,'2004-11-29 00:02:00',29,6,0,642),(20,4,537,286,'2004-11-29 00:03:00',29,6,0,643),(3,4,537,286,'2004-11-29 00:04:00',29,6,0,644),(5,4,537,286,'2004-11-29 00:05:00',29,6,0,645),(2,4,536,285,'2004-11-28 00:01:00',29,6,0,646),(4,4,536,285,'2004-11-28 00:02:00',29,6,0,647),(20,4,536,285,'2004-11-28 00:03:00',29,6,0,648),(3,4,536,285,'2004-11-28 00:04:00',29,6,0,649),(5,4,536,285,'2004-11-28 00:05:00',29,6,0,650),(2,4,535,284,'2004-11-27 00:01:00',29,6,0,651),(4,4,535,284,'2004-11-27 00:02:00',29,6,0,652),(20,4,535,284,'2004-11-27 00:03:00',29,6,0,653),(3,4,535,284,'2004-11-27 00:04:00',29,6,0,654),(5,4,535,284,'2004-11-27 00:05:00',29,6,0,655),(2,4,534,283,'2004-11-26 00:01:00',29,6,0,656),(4,4,534,283,'2004-11-26 00:02:00',29,6,0,657),(20,4,534,283,'2004-11-26 00:03:00',29,6,0,658),(3,4,534,283,'2004-11-26 00:04:00',29,6,0,659),(5,4,534,283,'2004-11-26 00:05:00',29,6,0,660),(2,4,533,282,'2004-11-25 00:01:00',29,6,0,661),(4,4,533,282,'2004-11-25 00:02:00',29,6,0,662),(20,4,533,282,'2004-11-25 00:03:00',29,6,0,663),(2,4,532,281,'2004-11-24 00:01:00',29,6,0,664),(4,4,532,281,'2004-11-24 00:02:00',29,6,0,665),(20,4,532,281,'2004-11-24 00:03:00',29,6,0,666),(3,4,532,281,'2004-11-24 00:04:00',29,6,0,667),(5,4,532,281,'2004-11-24 00:05:00',29,6,0,668),(2,4,531,280,'2004-11-23 00:01:00',29,6,0,669),(4,4,531,280,'2004-11-23 00:02:00',29,6,0,670),(20,4,531,280,'2004-11-23 00:03:00',29,6,0,671),(3,4,531,280,'2004-11-23 00:04:00',29,6,0,672),(5,4,531,280,'2004-11-23 00:05:00',29,6,0,673),(2,4,530,279,'2004-11-22 00:01:00',29,6,0,674),(4,4,530,279,'2004-11-22 00:02:00',29,6,0,675),(20,4,530,279,'2004-11-22 00:03:00',29,6,0,676),(5,4,530,279,'2004-11-22 00:04:00',29,6,0,677),(3,4,530,279,'2004-11-22 00:05:00',29,6,0,678),(2,4,529,278,'2004-11-21 00:01:00',29,6,0,679),(4,4,529,278,'2004-11-21 00:02:00',29,6,0,680),(20,4,529,278,'2004-11-21 00:03:00',29,6,0,681),(3,4,529,278,'2004-11-21 00:04:00',29,6,0,682),(5,4,529,278,'2004-11-21 00:05:00',29,6,0,683),(2,4,528,277,'2004-11-20 00:01:00',29,6,0,684),(4,4,528,277,'2004-11-20 00:02:00',29,6,0,685),(20,4,528,277,'2004-11-20 00:03:00',29,6,0,686),(3,4,528,277,'2004-11-20 00:04:00',29,6,0,687),(5,4,528,277,'2004-11-20 00:05:00',29,6,0,688),(2,4,527,276,'2004-11-19 00:01:00',29,6,0,689),(4,4,527,276,'2004-11-19 00:02:00',29,6,0,690),(20,4,527,276,'2004-11-19 00:03:00',29,6,0,691),(5,4,527,276,'2004-11-19 00:04:00',29,6,0,692),(3,4,527,276,'2004-11-19 00:05:00',29,6,0,693),(100,4,530,279,'2004-11-22 00:06:00',29,6,0,694),(-1,4,529,278,'2004-11-21 00:06:00',29,6,0,695),(100,4,531,280,'2004-11-23 00:06:00',29,6,0,696),(100,4,526,275,'2004-11-18 00:06:00',29,6,0,697),(20,1,496,246,'2004-10-19 00:00:00',13,6,0,698),(4,1,523,269,'2004-11-15 00:00:00',13,6,0,699),(4,1,524,270,'2004-11-16 00:00:00',13,6,0,700),(100,1,337,91,'2004-05-14 00:00:00',13,6,0,701),(100,1,338,91,'2004-05-15 00:00:00',13,6,0,702),(-1,1,516,262,'2004-11-09 00:00:00',14,6,0,703),(0,1,516,262,'2004-11-09 00:01:00',14,6,0,704),(20,1,518,265,'2004-11-11 00:00:00',13,6,0,705),(3,1,523,269,'2004-11-16 00:00:00',13,6,0,706),(2,1,538,269,'2004-12-01 00:01:00',13,6,2,707),(2,1,539,270,'2007-12-03 00:00:00',17,6,2,708),(3,1,524,270,'2004-11-17 00:00:00',13,6,0,709),(5,1,445,203,'2004-08-31 00:00:00',17,6,0,710),(5,1,454,210,'2004-09-09 00:00:00',13,6,0,711),(3,1,511,258,'2004-11-05 00:00:00',15,6,0,712),(2,3,540,85,'2004-12-04 00:01:00',4,6,0,713),(4,3,540,85,'2004-12-04 00:02:00',4,6,0,714),(4,3,331,85,'2004-05-09 00:00:00',4,0,0,715),(100,1,283,14,'2004-03-13 00:00:00',5,6,0,716),(100,1,308,14,'2004-04-07 00:00:00',5,6,1,717),(2,1,509,256,'2004-11-03 00:00:00',17,6,0,718),(5,1,440,198,'2004-08-26 00:00:00',16,6,0,719),(5,1,472,198,'2004-09-27 00:00:00',16,6,1,720),(5,1,405,159,'2004-07-22 00:00:00',16,6,2,721),(-1,1,335,89,'2004-05-13 00:00:00',17,0,0,722),(-1,1,336,89,'2004-05-14 00:00:00',17,0,0,723),(4,1,476,200,'2004-10-01 00:00:00',17,0,0,724),(20,1,476,200,'2004-10-01 00:01:00',17,0,0,725),(20,1,442,200,'2004-08-28 00:00:00',17,6,0,726),(4,3,309,70,'2004-04-18 00:00:00',4,0,0,727),(4,3,326,80,'2004-05-05 00:00:00',4,0,0,728),(4,3,373,127,'2004-06-21 00:00:00',4,0,0,729),(4,3,512,259,'2004-11-07 00:00:00',4,6,0,730),(4,3,517,264,'2004-11-12 00:00:00',4,6,0,731),(20,1,434,193,'2004-08-21 00:00:00',16,6,0,732),(100,4,528,277,'2004-11-24 00:00:00',29,6,0,733),(100,4,527,276,'2004-11-23 00:00:00',29,6,0,734),(100,4,533,282,'2004-11-29 00:00:00',29,6,0,735),(100,4,532,281,'2004-11-28 00:00:00',29,6,0,736),(100,4,536,285,'2004-12-02 00:00:00',29,6,0,737),(100,4,537,286,'2004-12-03 00:00:00',29,6,0,738),(100,4,534,283,'2004-11-30 00:00:00',29,6,0,739),(100,4,535,284,'2004-12-01 00:00:00',29,6,0,740),(2,4,541,287,'2004-12-07 00:01:00',29,6,0,741),(4,4,541,287,'2004-12-07 00:02:00',29,6,0,742),(-1,0,516,262,'2012-04-20 00:00:00',14,4,2,7453),(0,0,944,656,'2013-06-22 00:00:00',5,4,2,7454),(0,0,486,237,'2012-03-21 00:00:00',0,4,2,7455),(0,0,523,762,'2012-04-27 00:00:00',0,4,2,7456),(0,0,487,238,'2012-03-22 00:00:00',0,4,2,7457),(0,0,483,234,'2011-12-09 00:00:00',0,7,0,7458),(0,0,337,820,'2009-06-09 12:55:29',0,6,0,7459),(0,0,337,820,'2011-10-04 12:55:02',13,6,0,7460),(0,0,1396,1227,'2014-09-21 12:57:53',4,0,0,7461),(0,0,440,1131,'2012-02-01 13:03:44',113,6,0,7462),(0,0,1396,1227,'2014-09-21 15:58:02',173,0,0,7463),(0,0,446,204,'2012-02-14 16:00:31',173,4,0,7464),(0,0,1217,1084,'2014-03-26 17:38:20',145,1,0,7465),(0,0,880,588,'2013-04-23 17:45:11',0,4,1,7466),(0,0,1349,1092,'2014-08-27 12:19:24',0,6,0,7467),(0,0,1397,1237,'2014-10-26 10:43:02',172,0,0,7468),(0,0,1188,919,'2014-04-07 14:43:24',0,6,0,7469),(0,0,1350,1093,'2014-09-18 14:04:31',0,1,0,7470),(0,0,1191,922,'2014-04-14 11:17:39',0,6,0,7471),(0,0,1352,1095,'2014-09-22 11:18:41',0,6,0,7472),(0,0,1353,1096,'2014-09-23 11:19:11',0,6,0,7473),(0,0,1354,1097,'2014-09-24 11:19:34',0,6,0,7474),(0,0,1355,1098,'2014-09-25 11:20:03',0,6,0,7475),(0,0,1359,1102,'2014-09-29 11:20:29',0,6,0,7476),(0,0,1361,1104,'2014-10-01 11:20:57',0,6,0,7477),(110,0,338,1236,'2008-09-18 09:18:30',0,7,0,7478),(0,0,1398,1239,'2014-11-21 12:46:12',4,0,0,7479),(0,0,1398,1239,'2014-11-21 12:48:32',173,0,0,7480),(0,0,1399,1240,'2014-11-22 12:50:37',4,0,0,7481),(0,0,1400,1241,'2014-11-23 12:54:22',4,0,0,7482),(0,0,1401,1242,'2014-11-24 12:55:44',4,0,0,7483),(0,0,1402,1243,'2014-11-25 12:56:47',4,0,0,7484),(0,0,1403,1244,'2014-11-26 13:13:03',4,0,0,7485),(0,0,1358,1128,'2014-10-09 14:39:39',0,4,1,7486),(0,0,1391,1221,'2014-09-17 08:49:09',0,6,0,7487),(0,0,1363,1106,'2014-10-21 14:18:12',0,6,0,7488),(0,0,1366,1109,'2014-10-24 14:18:58',0,6,0,7489),(0,0,1367,1143,'2014-10-25 14:19:59',0,6,0,7490),(0,0,1188,919,'2014-04-08 00:00:00',0,4,1,7491),(0,0,1371,1166,'2014-10-31 12:24:34',0,4,1,7492),(0,0,1367,1143,'2014-10-27 12:37:03',4,4,1,7493),(0,0,1349,1092,'2014-10-09 12:37:19',4,4,1,7494),(0,0,1371,1166,'2014-10-31 14:54:19',4,4,1,7495),(0,0,1370,1165,'2014-10-30 14:55:15',0,4,1,7496),(0,0,1360,1103,'2014-10-20 15:03:15',0,4,1,7497),(0,0,1363,1106,'2014-10-23 15:06:08',4,4,1,7498),(0,0,1368,1163,'2014-10-28 15:06:39',0,4,1,7499),(0,0,1366,1109,'2014-10-26 08:57:39',4,6,0,7500),(0,0,1360,1103,'2014-10-21 13:42:37',4,4,1,7501),(0,0,1369,1164,'2014-10-30 13:56:26',0,4,1,7502),(0,0,643,1162,'2012-02-23 00:00:00',0,4,1,7503),(0,0,1404,1247,'2014-12-15 09:54:29',4,0,0,7504),(0,0,559,1176,'2012-08-24 13:42:01',0,7,0,7505),(0,0,507,254,'2012-07-04 11:18:08',173,3,0,7506),(0,0,1402,1243,'2014-12-16 11:50:09',0,0,0,7507),(0,0,1403,1244,'2014-12-17 12:53:29',0,0,0,7508),(0,0,1400,1241,'2014-12-14 12:56:29',0,0,0,7509),(0,0,464,1245,'2012-05-21 10:38:42',0,0,0,7510),(0,0,266,1121,'2011-11-13 00:00:00',0,4,1,7511),(0,0,538,762,'2012-08-11 00:00:00',0,4,1,7512),(0,0,634,367,'2012-11-15 00:00:00',0,4,1,7513),(0,0,937,650,'2013-09-14 00:00:00',0,4,1,7514),(0,0,1175,889,'2014-05-10 00:00:00',0,4,2,7515),(0,0,1176,890,'2014-05-11 00:00:00',0,4,2,7516),(0,0,1216,954,'2014-06-20 00:00:00',0,4,2,7517),(0,0,1217,1084,'2014-06-21 00:00:00',145,4,2,7518),(0,0,1305,1039,'2014-09-17 00:00:00',0,4,1,7519),(0,0,1343,1077,'2014-10-25 00:00:00',0,4,1,7520),(0,0,1366,1109,'2014-11-17 00:00:00',4,4,1,7521),(0,0,1372,1178,'2014-11-23 00:00:00',0,4,1,7522),(0,0,1405,1249,'2015-01-01 15:11:19',173,0,0,7523),(0,0,1388,1195,'2014-12-13 13:29:08',0,6,0,7524),(0,0,500,1183,'2012-07-08 13:30:01',0,6,0,7525),(0,0,1377,1184,'2014-12-03 13:31:55',0,6,0,7526),(0,0,1389,1196,'2014-12-14 13:33:13',0,6,0,7527),(0,0,1405,1249,'2015-01-08 00:00:00',173,3,0,7528),(0,0,1405,1249,'2015-01-08 00:00:00',173,3,0,7529),(0,0,1406,1250,'2015-01-15 15:57:20',173,0,0,7530),(0,0,1407,1251,'2015-01-16 15:58:55',173,0,0,7531),(0,0,1408,1252,'2015-01-17 16:00:00',173,0,0,7532),(0,0,1409,1253,'2015-01-19 11:48:38',173,0,0,7533),(0,0,1410,1254,'2015-01-24 14:55:49',173,0,0,7534),(0,0,1411,1255,'2015-01-25 15:10:05',173,0,0,7535),(0,0,507,254,'2012-07-04 00:00:00',173,2,7,7536),(0,0,1412,1256,'2015-01-26 16:11:17',173,0,0,7537),(0,0,1413,1257,'2015-01-27 16:25:17',173,0,0,7538),(0,0,1406,1250,'2015-01-21 00:00:00',173,6,0,7539),(0,0,1407,1251,'2015-01-22 00:00:00',173,6,0,7540),(0,0,1409,1253,'2015-01-24 00:00:00',173,6,0,7541),(0,0,1408,1252,'2015-01-24 00:00:00',173,6,0,7542),(0,0,1413,1257,'2015-01-29 00:00:00',173,6,0,7543),(0,0,1408,1252,'2015-01-24 00:00:00',173,6,0,7544),(0,0,1408,1252,'2015-01-30 11:10:07',173,6,0,7545),(0,0,1408,1252,'2015-01-30 11:13:26',173,6,0,7546),(0,0,1406,1250,'2015-01-28 11:47:39',173,6,0,7547),(0,0,1407,1251,'2015-02-01 13:31:22',173,6,0,7548),(0,0,372,1120,'2012-04-06 13:20:34',17,6,0,7549),(0,0,1386,1193,'2015-01-28 11:08:03',173,6,0,7550),(0,0,411,165,'2012-05-16 12:03:00',3,6,0,7551),(0,0,1414,1260,'2015-03-04 14:33:15',4,0,0,7552),(0,0,1415,1261,'2015-03-22 11:50:13',173,6,0,7553),(0,0,1415,1261,'2015-03-22 11:52:02',173,6,0,7554),(0,0,1278,1262,'2014-11-09 09:19:03',173,6,0,7555),(0,0,1278,1262,'2014-11-06 00:00:00',173,6,0,7556),(0,0,1417,1264,'2015-04-04 09:42:50',173,6,0,7557),(0,0,1418,1265,'2015-04-02 00:00:00',173,6,0,7558),(100,11,1415,1261,'2015-04-20 12:55:53',173,6,0,7559),(100,11,1418,1265,'2015-04-23 13:10:05',173,6,0,7560),(0,0,1425,1273,'2015-05-01 19:37:50',25,0,0,7561),(2,5,1425,1273,'2015-05-01 19:53:24',25,0,0,7562),(100,5,1425,1273,'2015-05-01 19:55:31',25,0,0,7563),(0,13,1420,1268,'2015-04-29 11:28:44',173,0,0,7564),(3,13,1420,1268,'2015-04-29 11:29:14',173,0,0,7565),(4,13,1420,1268,'2015-04-29 11:29:36',173,0,0,7566),(4,13,1420,1268,'2015-04-29 11:30:50',173,0,0,7567),(2,11,1420,1268,'2015-04-29 11:31:16',173,0,0,7568),(2,11,1417,1264,'2015-04-26 10:45:20',173,6,0,7569),(0,13,1424,1272,'2015-05-04 10:46:35',173,0,0,7570),(0,13,1424,1272,'2015-05-04 00:00:00',173,6,0,7571),(2,11,1424,1272,'2015-05-04 10:47:10',173,0,0,7572),(0,0,1426,1274,'2015-05-06 17:15:01',13,6,0,7573),(0,0,1427,1275,'2015-05-07 17:23:55',13,6,0,7574),(0,0,1427,1275,'2015-05-07 17:29:35',13,6,0,7575),(0,0,1427,1275,'2015-05-05 00:00:00',13,6,0,7576),(0,0,1427,1275,'2015-05-07 17:30:34',13,6,0,7577),(2,5,1427,1275,'2015-05-05 17:30:53',13,6,0,7578),(0,0,1427,1275,'2015-05-05 00:00:00',13,6,0,7579),(0,0,1426,1274,'2015-05-04 00:00:00',13,6,0,7580),(0,0,1426,1274,'2015-05-06 17:33:58',13,6,0,7581),(0,0,1426,1274,'2015-05-04 00:00:00',13,6,0,7582),(0,0,1308,1042,'2013-09-06 14:32:35',153,1,0,7583),(0,0,1308,1042,'2013-09-06 14:32:42',153,1,0,7584),(2,11,1308,1042,'2015-01-08 14:45:33',153,1,0,7585),(2,11,1308,1042,'2015-01-09 14:46:05',173,1,0,7586),(2,5,1348,1083,'2015-02-18 08:10:27',25,1,0,7587),(100,5,1348,1083,'2015-02-18 08:12:05',25,1,0,7588),(0,0,1348,1083,'2015-02-18 08:13:10',25,1,0,7589),(100,11,1420,1268,'2015-05-02 08:57:08',173,0,0,7590),(100,11,1420,1268,'2015-05-02 00:00:00',173,6,0,7591),(4,11,1417,1264,'2015-04-29 08:58:26',173,6,0,7592),(3,11,1417,1264,'2015-04-29 08:58:36',173,6,0,7593),(100,11,1424,1272,'2015-05-06 08:59:20',173,0,0,7594),(100,11,1424,1272,'2015-05-06 00:00:00',173,6,0,7595),(2,11,1296,1030,'2014-12-05 00:00:00',158,1,0,7596),(2,11,1426,1274,'2015-05-08 09:09:23',13,6,0,7597),(2,11,1427,1275,'2015-05-09 09:10:53',13,6,0,7598),(2,11,1296,1030,'2014-12-29 09:13:58',173,1,0,7599),(2,11,1296,1030,'2014-12-29 00:00:00',173,6,0,7600),(4,11,1296,1030,'2014-12-29 09:15:17',173,1,0,7601),(3,11,1296,1030,'2014-12-29 09:15:28',173,1,0,7602),(100,11,372,1120,'2012-06-18 12:04:54',13,6,0,7603),(100,11,345,1198,'2012-05-22 12:06:24',13,6,0,7604),(100,11,346,1259,'2012-05-23 12:08:25',13,6,0,7605),(0,0,1428,1276,'2015-05-10 12:38:36',173,6,0,7606),(2,11,1428,1276,'2015-05-10 12:39:02',173,6,0,7607),(0,0,1429,1277,'2015-05-11 14:54:38',13,6,0,7608),(2,11,1406,1250,'2015-04-22 00:00:00',173,4,0,7609),(2,11,1429,1277,'2015-05-15 12:44:59',13,6,0,7610),(100,11,1427,1275,'2015-05-13 12:45:45',13,6,0,7611),(-1,11,1427,1275,'2015-05-13 16:47:17',13,6,0,7612),(0,0,1427,1275,'2015-05-13 16:47:22',0,6,0,7613),(2,11,1427,1275,'2015-05-13 16:47:33',0,6,0,7614),(-1,11,1427,1275,'2015-05-13 16:47:58',0,6,0,7615),(0,0,1427,1275,'2015-05-13 16:48:03',0,6,0,7616),(2,13,1427,1275,'2015-05-13 16:48:09',0,6,0,7617),(100,13,1427,1275,'2015-05-13 16:48:17',0,6,0,7618),(100,13,1427,1275,'2015-05-13 17:02:50',117,6,0,7619),(100,13,1427,1275,'2015-05-13 17:03:18',13,6,0,7620),(0,0,1390,1258,'2015-04-02 13:03:31',4,6,0,7621),(0,0,1390,1258,'2015-04-07 00:00:00',4,4,1,7622),(100,11,1426,1274,'2015-05-13 14:13:28',13,6,0,7623),(4,11,1426,1274,'2015-05-08 14:21:51',13,6,0,7624),(4,13,1427,1275,'2015-05-09 14:25:10',13,6,0,7625),(4,11,1429,1277,'2015-05-16 14:26:12',13,6,0,7626),(4,11,1424,1272,'2015-05-10 15:57:26',173,0,0,7627);
/*!40000 ALTER TABLE `enrollment` ENABLE KEYS */;
UNLOCK TABLES;

--
-- Table structure for table `enrollment_states`
--

DROP TABLE IF EXISTS `enrollment_states`;
/*!40101 SET @saved_cs_client     = @@character_set_client */;
/*!40101 SET character_set_client = utf8 */;
CREATE TABLE `enrollment_states` (
  `stateId` tinyint(4) NOT NULL DEFAULT '0',
  `Name` varchar(20) DEFAULT NULL,
  `Display` tinyint(1) DEFAULT '0'
) ENGINE=InnoDB DEFAULT CHARSET=latin1;
/*!40101 SET character_set_client = @saved_cs_client */;

--
-- Dumping data for table `enrollment_states`
--

LOCK TABLES `enrollment_states` WRITE;
/*!40000 ALTER TABLE `enrollment_states` DISABLE KEYS */;
INSERT INTO `enrollment_states` VALUES (-1,'Withdrawn',1),(0,'Available',1),(2,'Screening',1),(3,'Collaterals',0),(4,'Neuropsych',0),(5,'Clinician',0),(10,'Take Ownership',0),(20,'Ready to install',0),(100,'Active',1),(110,'Deceased',1);
/*!40000 ALTER TABLE `enrollment_states` ENABLE KEYS */;
UNLOCK TABLES;

--
-- Table structure for table `project_list`
--

DROP TABLE IF EXISTS `project_list`;
/*!40101 SET @saved_cs_client     = @@character_set_client */;
/*!40101 SET character_set_client = utf8 */;
CREATE TABLE `project_list` (
  `projectId` smallint(5) unsigned NOT NULL DEFAULT '0',
  `name` varchar(15) NOT NULL DEFAULT '',
  `description` varchar(50) NOT NULL DEFAULT '',
  `mask` smallint(5) unsigned DEFAULT NULL,
  `active` tinyint(3) unsigned DEFAULT '0'
) ENGINE=InnoDB DEFAULT CHARSET=latin1;
/*!40101 SET character_set_client = @saved_cs_client */;

--
-- Dumping data for table `project_list`
--

LOCK TABLES `project_list` WRITE;
/*!40000 ALTER TABLE `project_list` DISABLE KEYS */;
INSERT INTO `project_list` VALUES (0,'Pool','No Project',16,0),(1,'Project1','Project Number1',1,0),(2,'Project2','Project Number2',32,0),(3,'Project3','Project Number3',2,0),(4,'Project4','Project Number4',4,0),(5,'Project5','Project Number5',8,1),(6,'Project6','Project Number6',64,0),(7,'Project7','Project Number7',128,0),(8,'Project8','Project Number8',256,0),(9,'Project9','Project Number9',512,0),(10,'Project10','Project Number10',1024,0),(11,'Project11','Project Number11',2048,1),(12,'Project12','Project Number12',4096,1),(13,'Project13','Project Number13',8192,1);
/*!40000 ALTER TABLE `project_list` ENABLE KEYS */;
UNLOCK TABLES;
/*!40103 SET TIME_ZONE=@OLD_TIME_ZONE */;

/*!40101 SET SQL_MODE=@OLD_SQL_MODE */;
/*!40014 SET FOREIGN_KEY_CHECKS=@OLD_FOREIGN_KEY_CHECKS */;
/*!40014 SET UNIQUE_CHECKS=@OLD_UNIQUE_CHECKS */;
/*!40101 SET CHARACTER_SET_CLIENT=@OLD_CHARACTER_SET_CLIENT */;
/*!40101 SET CHARACTER_SET_RESULTS=@OLD_CHARACTER_SET_RESULTS */;
/*!40101 SET COLLATION_CONNECTION=@OLD_COLLATION_CONNECTION */;
/*!40111 SET SQL_NOTES=@OLD_SQL_NOTES */;

-- Dump completed on 2015-06-18 16:23:21
